{
  "embed_store.py": 1776522348.1043234,
  "github_fetch.py": 1776510122.5901442,
  "main.py": 1776529666.9449658,
  "rag_chain.py": 1776522716.9269402,
  "chat.html": 1776527956.0916924,
  "index.html": 1776527944.0757115
}